{
  "registration": {
    "shift_x": 13.43,
    "shift_y": -140.75,
    "registration_error": 1.0
  },
  "angular_analysis": {
    "mean_error_deg": 3.4963736534118652,
    "median_error_deg": 0.01978234015405178,
    "max_error_deg": 111.65257263183594,
    "std_error_deg": 10.54419231414795,
    "percentile_95_deg": 27.084367752075195,
    "percentile_99_deg": 53.308284759521484
  },
  "defect_analysis": {
    "total_defects": 1,
    "defect_coverage_percent": 12.99621880558026,
    "largest_defect_area": 2992998,
    "average_defect_area": 2992998.0,
    "most_severe_error_deg": 111.65257263183594
  },
  "quality_metrics": {
    "threshold_used_deg": 2.0,
    "pixels_above_threshold": 2983919,
    "quality_score": 